Modelo,nash_sutcliffe_efficiency_mean,nash_sutcliffe_efficiency_std
Persist 10min,0.24699374,0.7839718
predict_10min,-1.2113827,2.4220612
Persist 20min,-0.9359352,1.2921213
predict_20min,-0.045673467,1.6096966
Persist 30min,-1.1668315,1.3069435
predict_30min,0.19151168,0.46021903
Persist 40min,-1.4638262,2.8727255
predict_40min,-1.4037721,7.5978236
Persist 50min,-1.1134684,0.8626123
predict_50min,-0.12089721,0.22186473
Persist 60min,-1.1906408,0.6764125
predict_60min,0.19304705,0.27791727
